BARCODE;NAZV;FORMA;DOZ;MAKER
3400935381316;Флюдитек;сироп;5% 125мл;Innotech [Франция]
3400935831316;Флюдитек;сироп;5% 125мл;Innotech [Франция]
3400970000685;Флюдитек;сироп;2% 125мл;Innotech [Франция]
3518646672248;Маример Беби;спрей назальный;100мл;Gilbert [Франция]
3574661132211;Тизин Алерджи;спрей;50мкг/доза 10мл;Janssen Cilag (Janssen Pharmaceutica) [Бельгия]
3574661424057;Доктор Мом;сироп;150мл;Unique [Индия]
3574661507453;Тизин классик;спрей;0,05% 10мл;Famar [Италия]
3574661507484;Тизин классик;спрей;0,1% 10мл;Famar [Италия]
3582910061694;Бронхикум С;пастилки;100мг №20;Rhone Poulenc Group [Франция]
3582910069324;Либексин Муко;сироп;2% 125мл;Sanofi [Франция,Великобритания,Италия,Венгрия]
3582910069331;Либексин Муко;сироп;5% 125мл;Sanofi [Франция,Великобритания,Италия,Венгрия]
3582910069706;Аллегра;таблетки;120мг №10;Sanofi [Франция,Великобритания,Италия,Венгрия]
3582910069713;Аллегра;таблетки;180мг №10;Sanofi [Франция,Великобритания,Италия,Венгрия]
3582910081203;Бронхикум ТП;эликсир;130г/100мл;Nattermann [Германия]
3582910082590;Лазолван;раствор;15мг/2мл 100мл;Boehringer Ingelheim [Италия,Германия]
3582910082637;Лазолван;таблетки;30мг №20;Boehringer Ingelheim [Италия,Германия]
3582910082644;Лазолван;таблетки;30мг №50;Boehringer Ingelheim [Италия,Германия]
3582910082651;Лазолван;капсулы;75мг №10;Boehringer Ingelheim [Италия,Германия]
3582910082668;Лазолван Рино;спрей назальный;0,118% 10мл;Boehringer Ingelheim [Италия,Германия]
3582910090625;Пиносол;капли;10мл;Zentiva [Чехия]
3582910090632;Пиносол;мазь;10г;Zentiva [Чехия]
3582910090649;Пиносол;спрей назальный;10мл;Zentiva [Чехия]
3592751325299;Гексализ;таблетки для рассасывания;№30;Dr.Bouchara [Франция]
3592752847714;Изофра;спрей;15мл;Dr.Bouchara [Франция]
3592753779731;Гексаспрей;аэрозоль;30г;Dr.Bouchara [Франция]
3664798000207;Зодак;капли;10мг/мл 20мл;Zentiva [Чехия]
3664798002942;Лазолван;сироп;15мг/5мл 100мл;Boehringer Ingelheim [Италия,Германия]
3664798002959;Лазолван;сироп;30мг/5мл 100мл;Boehringer Ingelheim [Италия,Германия]
3664798011685;Лазолван фито;сироп;100мл;Boehringer Ingelheim [Италия,Германия]
3800010629690;Кленбутерол;сироп;100мл;Sopharma [Болгария]
3800010629744;Амброксол;сироп;100мл;Sopharma [Болгария]
3800010629768;Кленбутерол;таблетки;0,02мг №50;Sopharma [Болгария]
3800010650175;Бронхолитин;сироп;125г;Sopharma [Болгария]
3800021100591;Бронхотон;сироп;125г;Sopharma [Болгария]
3838957051533;Ломилан;таблетки;10мг №7;Lek [Словения]
3838957885442;Тафен назаль;спрей;50мкг/доза  10мл 200 доз;Lek [Словения]
3838957895885;Ломилан;таблетки;10мг №10;Lek [Словения]
3838989513139;Гербион;сироп;подорожника 150мл;KRKA [Словения]
3838989513948;Гербион;сироп;первоцвета 150мл;KRKA [Словения]
3838989530273;Септолете Нео;пастилки;черешня 1,2мг №18;KRKA [Словения]
3838989530280;Септолете Нео;пастилки;лимон 1,2мг №18;KRKA [Словения]
3838989540340;Панатус;таблетки;20мг №10;KRKA [Словения]
3838989540357;Панатус форте;таблетки;50мг №10;KRKA [Словения]
3838989540371;Панатус форте;сироп;7,5мг/5мл 200мл;KRKA [Словения]
3838989582296;Гербион;сироп плюща;150мл;KRKA [Словения]
3838989649722;Септаназал;спрей назальный;0,05мг+5мг/доза 10мл;KRKA [Словения]
3838989652784;Септолете тотал;таблетки для рассасывания;3мг+1мг №16;KRKA [Словения]
3838989669126;Септолете тотал;спрей;0,015мг+0,5мг 30мл;KRKA [Словения]
3838989680862;Септолете тотал;таблетки для рассасывания;3мг+1мг №16;KRKA [Словения]
3838989685393;Септолете тотал;таблетки для рассасывания;3мг+1мг №16;KRKA [Словения]
3838989713195;Слипзон;таблетки;15мг №30;KRKA [Словения]
3850114229807;Сальбутамол;аэрозоль;0,1мг/доза 200 доз 12мл;Norton Healthcare [Великобритания]
3850343026963;Блогир-3;таблетки для рассасывания;5мг №30;Belupo [Хорватия]
3850343026994;Блогир-3;таблетки для рассасывания;5мг №10;Belupo [Хорватия]
3856013206550;Аква Марис Стронг;спрей назальный;30мл;Jadran [Хорватия]
3856013208578;Аква Марис плюс;спрей;30мл;Jadran [Хорватия]
3856013217624;Риномарис;спрей назальный;0,05% 15мл;Jadran [Хорватия]
3856013217631;Риномарис;спрей назальный;0,1% 15мл;Jadran [Хорватия]
3856013217716;Аква Марис Стронг;спрей;30мл;Jadran [Хорватия]
3856013217723;Аква Марис эктоин;спрей назальный;20мл;Jadran [Хорватия]
3856013219000;Аква Марис норм;изделие д/промывания носа;150мл;Jadran [Хорватия]
3856013219017;Аква Марис норм;изделие д/промывания носа;50мл;Jadran [Хорватия]
3856013219031;Аква Марис бэби;изделие д/промывания носа;50мл;Jadran [Хорватия]
3856013219833;Аква Марис;ср-во домаш. д/промыв.носа;;Jadran [Хорватия]
3856013219840;Аква Марис;ср-во домаш. д/промыв.носа;;Jadran [Хорватия]
3856013222710;Аква Марис экстрасильный;ср-во от залож.носа;150мл;Jadran [Хорватия]
3856013223694;Аква Марис бэби;изделие д/промывания носа;150мл;Jadran [Хорватия]
3858881052260;Драмина;таблетки;50мг №10;Jadran [Хорватия]
3858881054691;Аква Марис;спрей назальный;30мл;Jadran [Хорватия]
3858881054738;Аква Марис;капли;10мл;Jadran [Хорватия]
3870010000638;Бронхобос;сироп;5% 200мл;Bosnalijek [Герцоговина]
3870010000645;Бронхобос;сироп;2,5% 200мл;Bosnalijek [Герцоговина]
3870010000652;Бронхобос;капсулы;375мг №30;Bosnalijek [Герцоговина]
3870010001734;Лизобакт;таблетки для рассасывания;№30;Bosnalijek [Герцоговина]
4008617148890;Нео-ангин;таблетки;вишня №24;Klosterfrau [Германия]
4008617149774;Нео-ангин;таблетки;№24;Arzneimittelwerk [Германия]
4008617149873;Нео-ангин;таблетки;№16;Arzneimittelwerk [Германия]
4011548020760;Снуп;спрей назальный;0,05% 15мл;Stada [Германия]
4011548020777;Снуп;спрей назальный;0,1% 15мл;Stada [Германия]
4011548025765;Снуп;спрей назальный;0,05% 15мл;Stada [Германия]
4011548025772;Снуп;спрей назальный;0,1% 15мл;Stada [Германия]
4013054001103;Бромгексин;таблетки;8мг №25;Berlin-Chemie [Германия]
4013054001523;Бромгексин;сироп;4мг/5мл 60мл;Berlin-Chemie [Германия]
4013054022887;Никсар;таблетки;20мг №10;Berlin-Chemie [Германия]
4013054022894;Никсар;таблетки;20мг №30;Berlin-Chemie [Германия]
4013054023884;Флавамед макс;таблетки шипучие;60мг №10;Berlin-Chemie [Германия]
4016369661130;Доктор Тайсс сироп с подорожником;;100мл;Dr Theiss Naturwaren [Германия]
4016369661307;Доктор Тайсс сироп с подорожником;;100мл;Dr Theiss Naturwaren [Германия]
4016369662311;Доктор Тайсс сироп с подорожником;;100мл;Dr Theiss Naturwaren [Германия]
4016369663417;Доктор Тайсс сироп с подорожником;;250мл;Dr Theiss Naturwaren [Германия]
4019338600192;Аллергодил;спрей назальный;10мл;Viatris GmbH&Co [Германия]
4029125000029;Геломиртол форте;капсулы;300мг №20;Pohl Boskamp [Германия]
4029125000036;Геломиртол;капсулы;120мг №20;Pohl Boskamp [Германия]
4029438001010;Эвкабал сироп;;100мл;Espharma [Германия]
4029438005032;Эспа-Нац;порошок;200мг пак 3г №20;Lindopharm GmbH [Германия]
4029438005049;Эспа-Нац;порошок;600мг пак 3г №20;Lindopharm GmbH [Германия]
4029438020059;Эвкабал С;суспензия д/ингаляций;40мл;Espharma [Германия]
4029438020141;Эспа-Бастин;таблетки;10мг №10;Эдванст Хайджин Технолоджи Групп [Россия]
4029438020158;Эспа-Бастин;таблетки;20мг №10;Espharma [Германия]
4029799116231;Синупрет;драже;№50;Bionorica [Германия]
4029799116248;Синупрет;капли;100мл;Bionorica [Германия]
4029799116255;Тонзилгон Н;драже;№50;Bionorica [Германия]
4029799117245;Тонзилгон Н;капли;100мл;Bionorica [Германия]
4029799131753;Бронхипрет;таблетки;№20;Bionorica [Германия]
4029799131814;Бронхипрет;сироп;50мл;Bionorica [Германия]
4029799131838;Бронхипрет;сироп;100мл;Bionorica [Германия]
4029799134716;Тонзипрет;таблетки гомеопатические;№50;Bionorica [Германия]
4029799171469;Тонзилгон Н;капли;50мл;Bionorica [Германия]
4029917000220;Циннабсин;таблетки;250мг №100;D.H.U.(Deutsche Homoopathie Union) [Германия]
4030031893308;Геделикс;капли;50мл;Krewel Meuselbach [Германия]
4030031894268;Геделикс;сироп;100мл;Krewel Meuselbach [Германия]
4030031898341;Валокордин-Доксиламин;капли;20мл;Krewel Meuselbach [Германия]
4030096119405;Ринонорм;спрей назальный;0,1% 20мл;Merckle [Германия]
4030096119412;Ринонорм;спрей назальный;0,05% 20мл;Merckle [Германия]
4030096245104;Амбробене;раствор;7,5мг/мл 100мл;Merckle [Германия]
4030096245111;Амбробене;таблетки;30мг №20;Merckle [Германия]
4030096245128;Амбробене;сироп;100мл;Merckle [Германия]
4030096254618;Амбробене;ампулы;15мг 2мл №5;Merckle [Германия]
4030096288453;Туссамаг;сироп;200г;Merckle [Германия]
4030096288460;Туссамаг;сироп;175г;Merckle [Германия]
4030096292733;Амбробене;раствор;7,5мг/мл 40мл;Merckle [Германия]
4030113647133;Бронхикум С;сироп;130г/100мл;Rhone Poulenc Group [Франция]
4030855000012;АЦЦ Лонг;таблетки шипучие;600мг №10;Hexal [Германия]
4030855000104;АЦЦ 100;таблетки шипучие;№20;Hexal [Германия]
4030855000128;АЦЦ 200;таблетки шипучие;№20;Hexal [Германия]
4030855000197;Амброгексал;сироп;3мг/мл 100мл;Salutas [Германия]
4030855000524;Кромогексал;спрей;2,8мг/доза 15 мл;Hexal [Германия]
4030855027804;Лорагексал;таблетки;10мг №10;Hexal [Германия]
4030855399802;Амброгексал;сироп;6мг/мл 100мл;Hexal [Германия]
4030855489527;Цетиризин;таблетки;10мг №10;Salutas [Германия]
4030855492497;АЦЦ Лонг;таблетки шипучие;600мг №20;Hexal [Германия]
4030855504855;АЦЦ;сироп;20мг/мл 100мл;Pharma Wernigerode [Германия]
4030855505814;Амброгексал;таблетки;30мг №20;Salutas [Германия]
4030855511198;АЦЦ 100;порошок/гранулы;№20;Lindopharm GmbH [Германия]
4030855511204;АЦЦ 200;порошок/гранулы;№20;Lindopharm GmbH [Германия]
4030855511228;АЦЦ;гранулы;600мг №6;Lindopharm GmbH [Германия]
4030855511402;АЦЦ актив;порошок;600мг/доза 1,6г саше №10;Hexal [Германия]
4054839084300;Називин;капли;0,05% 10мл;Merck KGaA [Германия]
4054839084331;Називин;капли;0,01% 5мл;Merck KGaA [Германия]
4054839084348;Називин Сенситив;спрей;11.25мкг/доза 10мл;Merck KGaA [Германия]
4054839084355;Називин Сенситив;спрей;22.5мкг/доза 10мл;Merck KGaA [Германия]
4054839084416;Називин;капли;0,025% 10мл;Merck KGaA [Германия]
4054839156984;Називин Сенситив;спрей;22.5мкг/доза 10мл;Merck KGaA [Германия]
4084500757288;Викс Актив бальзам с мент и эвкал;мазь;25г;Procter&Gamble []
4104480705021;Проспан;сироп;100мл;Engelhard GmbH [Германия]
4104480706158;Проспан;сироп;200мл;Engelhard GmbH [Германия]
4250142198905;Доритрицин;таблетки для рассасывания;№10;Arzneimittel Chemishe Tempelchof GmbH [Германия]
4250369500871;АнтиФлу Кидс;порошок;№5;Sagmel inc [США]
4250369505555;Назол Бэби;капли;0,125% 10мл;Bayer [Германия]
4250369505609;Назол;спрей;0,025мг/доза 10мл;Bayer [Германия]
4250369505647;Назол адванс;спрей;10мл;Bayer [Германия]
4250369505685;Назол Кидс;спрей;0,125/доза 10мл;Bayer [Германия]
4250369506408;Эриус;сироп;60мл;Schering Plough [Германия,США,Италия,Франция,Бельгия,Австрия]
4250369506439;Эриус;таблетки;5мг №10;Schering Plough [Германия,США,Италия,Франция,Бельгия,Австрия]
4250369506446;Кларитин;сироп;60мл;Schering Plough [Германия,США,Италия,Франция,Бельгия,Австрия]
4250369506477;Кларитин;таблетки;0,01г №10;Schering Plough [Германия,США,Италия,Франция,Бельгия,Австрия]
4250369506484;Африн;спрей назальный;0,05% 15мл;Contract Pharmacal Corporation [США]
4250369506491;Африн увлажняющий;спрей назальный;0,05% 15мл;Contract Pharmacal Corporation [США]
4250369506507;Африн экстро;спрей назальный;0,05% 15мл;Contract Pharmacal Corporation [США]
4250369507214;Кларитин;таблетки;0,01г №30;Schering Plough [Германия,США,Италия,Франция,Бельгия,Австрия]
4600828005278;Сальбутамол;аэрозоль;0,1мг/доза 200 доз 12мл;Мосхимфармпрепараты им.Семашко [Россия]
4601026301469;Цефекон Н;суппозитории;№10;Нижфарм [Россия]
4601026308314;Аквалор мини;спрей;50мл;YS Lab [Франция]
4601026308345;Аквалор бэби;капли;15мл;YS Lab [Франция]
4601026308369;Аквалор софт мини;спрей;50мл;YS Lab [Франция]
4601026308383;Аквалор бэби;спрей;125мл;YS Lab [Франция]
4601026308406;Аквалор норм;спрей;125мл;YS Lab [Франция]
4601026308413;Аквалор бэби;спрей;150мл;YS Lab [Франция]
4601026308420;Аквалор софт;раствор;фл 150мл №1;YS Lab [Франция]
4601026308444;Аквалор горло мини;спрей;50мл;YS Lab [Франция]
4601026308451;Аквалор горло;спрей;125мл;YS Lab [Франция]
4601026308529;Аквалор бэби;спрей;150мл;Aurena Laboratories [Швеция]
4601026308567;Аквалор Экстра форте;спрей;125мл;YS Lab [Франция]
4601026309373;Аквалор протект;спрей;30мл;YS Lab [Франция]
4601026309380;Аквалор форте;спрей;150мл;Нижфарм [Россия]
4601026309397;Аквалор мини;спрей;50мл;Нижфарм [Россия]
4601026309441;Аквалор софт;раствор;фл 150мл №1;Нижфарм [Россия]
4601026309458;Аквалор норм;спрей;150мл;Нижфарм [Россия]
4601429000679;Смесь д/ингал;;40мл;Московская фармфабрика [Россия]
4601429001096;Микстура от кашля;;;Московская фармфабрика [Россия]
4601429001102;Микстура от кашля;;;Московская фармфабрика [Россия]
4601429002253;Эваменол;мазь;15г;Московская фармфабрика [Россия]
4601498006381;Солодки корень;;50г;Красногорсклексредства [Россия]
4601498007173;Чабреца трава;;1,5г №20;Красногорсклексредства [Россия]
4601498007340;Чабреца трава;;50г;Красногорсклексредства [Россия]
4601669000576;Мукалтин;таблетки;0,05 №10;Фармстандарт-Лексредства [Россия]
4601669001931;Кларисенс;сироп;100мл;Фармстандарт-Лексредства [Россия]
4601669002341;Пектусин;таблетки для рассасывания;№10;Фармстандарт-Лексредства [Россия]
4601669003669;Кларисенс;таблетки;10мг №10;Фармстандарт-Лексредства [Россия]
4601669003713;Кларисенс;таблетки;10мг №30;Фармстандарт-Лексредства [Россия]
4601669003799;Ингалипт;аэрозоль;30мл;Фармстандарт [Россия]
4601669003911;Каметон;аэрозоль;30г;Фармстандарт-Лексредства [Россия]
4601669003928;Каметон;аэрозоль;45г;Фармстандарт-Лексредства [Россия]
4601669004208;Эуфиллин;таблетки;150мг №30;Фармстандарт-Лексредства [Россия]
4601669005533;Коделак бронхо;таблетки;№10;Фармстандарт-Лексредства [Россия]
4601669005830;Коделак бронхо с чабрецом;эликсир;100мл;Фармстандарт-Лексредства [Россия]
4601669006752;Коделак Нео;сироп;1,5мг/мл 100мл;Фармстандарт-Лексредства [Россия]
4601669006769;Коделак Нео;капли;20мл;Фармстандарт-Лексредства [Россия]
4601669006905;Бромгексин;сироп;4мг/5мл 100 мл;Фармстандарт-Лексредства [Россия]
4601669006967;Коделак бронхо;таблетки;№20;Фармстандарт-Лексредства [Россия]
4601669007209;Риностоп;спрей;0.05% 15мл;Фармстандарт [Россия]
4601669007223;Риностоп;спрей;0.1% 15мл;Фармстандарт [Россия]
4601669007667;Коделак Нео;сироп;1,5мг/мл 200мл;Фармстандарт-Лексредства [Россия]
4601669007681;Максиколд лор;спрей;0,2% 40мл;Фармстандарт-Лексредства [Россия]
4601669008374;Беклометазон;спрей назальный;250мкг/доза 200доз;Фармстандарт [Россия]
4601669009791;Ипратерол-натив;раствор д/ингаляций;0,25мг/мл+0,5мг/мл 20мл;Фармстандарт [Россия]
4601669010452;Ипратерол-аэронатив;аэрозоль;20мкг/доза+50мкг/доза №1;Фармстандарт [Россия]
4601669010483;Ипратропиум-аэронатив;аэрозоль;20мкг/доза 200доз;Фармстандарт [Россия]
4601669010629;Ипратропиум-натив;раствор д/ингаляций;0,25мг/мл 20мл;Фармстандарт [Россия]
4601669011466;Мукалтин;таблетки;0,05 №10;Фармстандарт-Лексредства [Россия]
4601669011879;Коделак бронхо с чабрецом;эликсир;200мл;Фармстандарт-Лексредства [Россия]
4601669011893;Сальбутамол;аэрозоль;0,1мг/доза 200 доз 12мл;Фармстандарт [Россия]
4601669012197;Риностоп экстра;спрей;0.05% 15мл;Фармстандарт [Россия]
4601669012883;Формотерол;капсулы для ингаляций;12мкг №30;Фармстандарт [Россия]
4601669012890;Формотерол;капсулы для ингаляций;12мкг №60;Фармстандарт [Россия]
4601669012944;Формисонид-натив;порошок для ингаляций;80мкг+4,5мкг/доза №60;Фармстандарт [Россия]
4601669012975;Формисонид-натив;порошок для ингаляций;160мкг+4,5мкг/доза №60;Фармстандарт-Лексредства [Россия]
4601669013255;Протаргол-ЛОР;таблетки;200мг №2;Фармстандарт [Россия]
4601669013477;Риностоп экстра;спрей;0.025% 15мл;Фармстандарт [Россия]
4601764001720;Фексадин;таблетки;0,12г №10;Ranbaxy [Индия]
4601764001744;Фексадин;таблетки;0,18г №10;Ranbaxy [Индия]
4601764007388;Неотрависил;пастилки;лимон №24;Lozan Pharma GmbH [Германия]
4601764007395;Неотрависил;пастилки;мед-лимон №24;Lozan Pharma GmbH [Германия]
4601764007401;Неотрависил;пастилки;апельсин №24;Ranbaxy [Индия]
4601764007418;Неотрависил;пастилки;клубника №24;Lozan Pharma GmbH [Германия]
4601764007425;Неотрависил;пастилки;мята №24;Lozan Pharma GmbH [Германия]
4601808006445;Сульфокамфокаин;ампулы;10% 2мл №10;УФАвита [Россия]
4601808008319;Диазолин;драже;0,05 №10;УФАвита [Россия]
4601808008333;Диазолин;драже;0,1 №10;УФАвита [Россия]
4601808009842;Коделак Нео;таблетки с модиф высвоб;50мг №10;Фармстандарт-Лексредства [Россия]
4601808013412;Коделак Нео;таблетки с модиф высвоб;50мг №10;УФАвита [Россия]
4601969006940;Назонекс;спрей назальный;50мкг/доза 120доз 18г;Schering Plough [Германия,США,Италия,Франция,Бельгия,Австрия]
4601969006964;Сингуляр;таблетки жевательные;5мг №14;Merck Sharp&Dohme [Нидерланды,США,Франция]
4601969006971;Сингуляр;таблетки;10мг №14;Merck Sharp&Dohme [Нидерланды,США,Франция]
4601969006988;Назонекс;спрей назальный;50мкг/доза 60доз 10г;Schering Plough [Германия,США,Италия,Франция,Бельгия,Австрия]
4601969007404;Лоратадин;таблетки;10мг №7;Акрихин [Россия]
4601969007411;Лоратадин;таблетки;10мг №10;Акрихин [Россия]
4601969007428;Лоратадин;таблетки;10мг №30;Акрихин [Россия]
4601969008074;Сингуляр;таблетки;10мг №28;Merck Sharp&Dohme [Нидерланды,США,Франция]
4601969008081;Сингуляр;таблетки жевательные;4мг №28;Merck Sharp&Dohme [Нидерланды,США,Франция]
4601969008098;Сингуляр;таблетки жевательные;5мг №28;Merck Sharp&Dohme [Нидерланды,США,Франция]
4601969008678;Сингуляр;таблетки жевательные;4мг №28;Merck Sharp&Dohme [Нидерланды,США,Франция]
4602193010734;Граммидин нео с анастетиком;таблетки;3мг+0,2мг+1мг №18;Валента [Россия]
4602193010772;Граммидин нео;таблетки для рассасывания;3мг+1мг №18;Валента [Россия]
4602193011243;Диазолин;драже;0,1 №10;Валента [Россия]
4602193011250;Диазолин;драже;0,05 №10;Валента [Россия]
4602193011649;Тералиджен;таблетки;5мг №25;Валента [Россия]
4602193011656;Тералиджен;таблетки;5мг №50;Валента [Россия]
4602193011694;Граммидин дет;таблетки для рассасывания;1,5мг+1мг №18;Валента [Россия]
4602193012462;Граммидин;спрей;0,06мг+0,1мг/доза 112 доз;Валента [Россия]
4602193012493;Граммидин дет;спрей;0,03мг+0,1мг/доза 112 доз;Валента [Россия]
4602193012509;Граммидин с анестетиком;спрей;112 доз;Валента [Россия]
4602193012677;Тералиджен;таблетки;5мг №100;Валента [Россия]
4602210002438;Африн экстро;спрей назальный;0,05% 15мл;Contract Pharmacal Corporation [США]
4602233006871;Фликсоназе;спрей;50мкг/доза 60доз;Glaxo Wellcome [Великобритания]
4602233006888;Фликсоназе;спрей;50мкг/доза 120доз;Glaxo Wellcome [Великобритания]
4602233006949;Отривин экспресс;спрей назальный;0,05% 10мл;Novartis [Швейцария,Индия,Франция]
4602242005087;Аквамастер;спрей назальный;0,65% 50мл;Эвалар [Россия]
4602242005155;Орвис бронхо;раствор;7,5мг/мл 100мл;Эвалар [Россия]
4602242010418;Орвис рино;капли;100мл;Эвалар [Россия]
4602242010432;Орвис рино;таблетки;№60;Эвалар [Россия]
4602242010449;Орвис бронхо тимьян;сироп;100мл;Эвалар [Россия]
4602505008466;Донормил;таблетки;15мг №30;UPSA [Франция]
4602505008992;Донормил;таблетки;15мг №10;UPSA [Франция]
4602509003894;Кордиамин;ампулы;25% 1мл №10;Биохимик [Россия]
4602509022093;Хлоропирамин;таблетки;25мг №20;Биохимик [Россия]
4602546010671;Лоратадин;сироп;100мл;Ecolab GmbH [Австрия,Россия]
4602546010787;Амброксол;сироп;100мл;Ecolab GmbH [Австрия,Россия]
4602565005788;Алтея;сироп;125мл;Синтез АКО [Россия]
4602565012076;Бронхорус;сироп;3мг/мл 100мл;Синтез АКО [Россия]
4602565013127;Ринорус;капли назальные;0,05% 10мл;Синтез АКО [Россия]
4602565013134;Ринорус;капли назальные;0,1% 10мл;Синтез АКО [Россия]
4602565016814;Бронхорус;таблетки;30мг №20;Синтез АКО [Россия]
4602565019587;Ринорус;спрей;0,05% 10мл;Синтез АКО [Россия]
4602565019594;Ринорус;спрей;0,05% 20мл;Синтез АКО [Россия]
4602565019600;Ринорус;спрей;0,1% 10мл;Синтез АКО [Россия]
4602565019617;Ринорус;спрей;0,1% 20мл;Синтез АКО [Россия]
4602809000081;Мукалтин;таблетки;0,05 №10;Тюменский ХФЗ [Россия]
4602809006342;Мукалтин;таблетки;0,05 №10;Тюменский ХФЗ [Россия]
4602813000268;Кордиамин;капли;30мл;Технопарк Центр [Россия]
4602813000671;Кордиамин;капли;25мл;Технопарк Центр [Россия]
4602824000066;Димедрол;ампулы;1% 1мл №10;Дальхимфарм [Россия]
4602824000257;Кордиамин;ампулы;25% 1мл №10;Дальхимфарм [Россия]
4602824000448;Эуфиллин;ампулы;2,4% 10мл №10;Дальхимфарм [Россия]
4602824000486;Димедрол;таблетки;0,05г №10;Дальхимфарм [Россия]
4602824006143;Эуфиллин;ампулы;2,4% 5мл №10;Дальхимфарм [Россия]
4602824011420;Димедрол;таблетки;0,05г №20;Дальхимфарм [Россия]
4602876001660;Диазолин;драже;0,1 №20;Фармстандарт-Марбиофарм [Россия]
4602884008521;Лоратадин;таблетки;10мг №10;Биосинтез [Россия]
4602884016564;Кордиамин;ампулы;25% 2мл №10;Биосинтез [Россия]
4603149000106;Зиртек;таблетки;10мг №7;UCB Pharma [Бельгия,Швейцария,Италия]
4603149000458;Ксизал;таблетки;5мг №7;UCB Pharma [Бельгия,Швейцария,Италия]
4603149000465;Ксизал;таблетки;5мг №14;UCB Pharma [Бельгия,Швейцария,Италия]
4603149000472;Ксизал;таблетки;5мг №10;UCB Pharma [Бельгия,Швейцария,Италия]
4603149000533;Ксизал;капли;5мг/мл 10мл;UCB Pharma [Бельгия,Швейцария,Италия]
4603149000540;Зиртек;капли;1% 10мл;UCB Pharma [Бельгия,Швейцария,Италия]
4603149000656;Зиртек;таблетки;10мг №20;UCB Pharma [Бельгия,Швейцария,Италия]
4603179003672;Мукалтин;таблетки;0,05 №10;Уралбиофарм [Россия]
4603179004488;Бромгексин;таблетки;8мг №20;Уралбиофарм [Россия]
4603179004907;Мукалтин;таблетки;0,05 №20;Уралбиофарм [Россия]
4603184003445;Солодки корень;сироп;100мл;Ивановская фармфабрика [Россия]
4603256000815;Нашатырно-анисовые;капли;25мл;Кировская фармфабрика [Россия]
4603365000164;Тизин классик;спрей;0,05% 10мл;McNeil Manufacturing [Швеция]
4603365000195;Тизин классик;спрей;0,1% 10мл;McNeil Manufacturing [Швеция]
4603373002266;Смесь д/ингал;;40мл;Тверская фармфабрика [Россия]
4603373003034;Нашатырно-анисовые;капли;25мл;Тверская фармфабрика [Россия]
4603380000439;Пертуссин;сироп;100г;Ярославская ФармФабрика [Россия]
4603380004666;Амтерсол;сироп;100мл;Ярославская ФармФабрика [Россия]
4603619000063;Флуимуцил-антибиотик ИТ;порошок;500мг №3;Zambon [Италия]
4603619000124;Флуимуцил;гранулы;200мг №20;Zambon [Италия]
4603619000131;Флуимуцил;таблетки шипучие;600мг №10;Zambon [Италия]
4603619000575;Флуимуцил;раствор;20 мг/мл 100мл №1;Zambon [Италия]
4603671001152;Риностоп;капли назальные;0.1% 10мл;Лекко [Россия]
4603671001336;Риностоп;капли назальные;0.05% 10мл;Лекко [Россия]
4603671001565;Нафтизин;;0,1% 10мл;Лекко [Россия]
4603671001572;Нафтизин;;0,1% 15мл;Лекко [Россия]
4603671002791;Нафтизин;;0,1% 15мл;Лекко [Россия]
4603671003200;Риностоп экстра;капли;0.01% 10мл;Лекко [Россия]
4603671003217;Риностоп экстра;капли;0.025% 10мл;Лекко [Россия]
4603679000881;Ингалипт;аэрозоль;30мл;Алтайвитамины [Россия]
4603679007309;Сальбутамол;аэрозоль;0,1мг/доза 200 доз 12мл;Алтайвитамины [Россия]
4603695000964;Форадил;капсулы для ингаляций;№60;Novartis [Швейцария,Индия,Франция]
4603695002203;Форадил комби;капсулы;12/200 №120;Novartis [Швейцария,Индия,Франция]
4603695002210;Форадил комби;капсулы;12/400 №120;Novartis [Швейцария,Индия,Франция]
4603695005389;Сибри Бризхалер;капсулы для ингаляций;50мкг №30;Novartis [Швейцария,Индия,Франция]
4603761000225;Каметон;спрей;20г;Випс-Мед [Россия]
4603761000775;Ксилометазолин;спрей;0,1% 10мл;Випс-Мед [Россия]
4603761001260;Аква-риносоль;спрей назальный;0,9% 20мл;Випс-Мед [Россия]
4603761001284;Аква-риносоль;спрей назальный;0,9% 20мл;Випс-Мед [Россия]
4603762000729;Солодки корень;;50г;ФитоФарм НН [Россия]
4603762002839;Чабреца трава;;1,5г №20;ФитоФарм НН [Россия]
4603762004499;Чабреца трава;;50г;ФитоФарм НН [Россия]
4603905004942;Кордиамин;капли;30мл;Тульская фармфабрика [Россия]
4603933000725;Солодки корень;сироп;100мл;Самарамедпром [Россия]
4603933002293;Пертуссин;сироп;100г;Самарамедпром [Россия]
4603933003887;Каметон;аэрозоль;30г;Самарамедпром [Россия]
4603988003993;Грамицидин С;таблетки;1,5мг №20;Обновление [Россия]
4603988010984;Нафтизин;;0,05% 20мл;Обновление [Россия]
4603988011080;Нафтизин;;0,1% 20мл;Обновление [Россия]
4603988013701;Мукалтин;таблетки;0,05 №20;Обновление [Россия]
4603988013947;Сиалор Рино;капли;0,025% 2мл №5;Обновление [Россия]
4603988014371;Аммиак;раствор;10% 25мл;Обновление [Россия]
4603988016498;Эйфа АЦ;гранулы;200мг №20;Обновление [Россия]
4604060001982;Кордиамин;капли;25мл;Татхимфармпрепараты [Россия]
4604060003665;Дезлоратадин;таблетки;5мг №10;Татхимфармпрепараты [Россия]
4604060004914;Пектусин;таблетки для рассасывания;№10;Татхимфармпрепараты [Россия]
4604060006833;Лоратадин;таблетки;10мг №10;Татхимфармпрепараты [Россия]
4604060006840;Лоратадин;таблетки;10мг №30;Татхимфармпрепараты [Россия]
4604060201634;Лоратадин;таблетки;10мг №10;Татхимфармпрепараты [Россия]
4604060991597;Амброксол;таблетки;30мг №20;Татхимфармпрепараты [Россия]
4605077009411;Авиамарин;таблетки;50мг №10;Оболенское ФП [Россия]
4605077009435;Авиамарин;таблетки;50мг №5;Оболенское ФП [Россия]
4605077009688;Реслип;таблетки;15мг №30;Оболенское ФП [Россия]
4605077012763;Эльмуцин;касп;300мг №20;Оболенское ФП [Россия]
4605077013265;Реслип;таблетки;15мг №10;Оболенское ФП [Россия]
4605095005563;Ксилен;капли назальные;0,05% 10мл;ЛЭНС-Фарм [Россия]
4605095005570;Ксилен;капли назальные;0,1% 10мл;ЛЭНС-Фарм [Россия]
4605095009455;Ксилен;спрей;0,05% 15мл;Верофарм [Россия]
4605095011625;Ксилен;спрей;0,1% 15мл;Верофарм [Россия]
4605095011656;Ксилен;спрей;0,1% 15мл;Верофарм [Россия]
4605095011700;Ксилен;капли назальные;0,1% 20мл;Верофарм [Россия]
4605180005126;Пектусин;таблетки для рассасывания;№10;Вифитех [Россия]
4605180005867;Алтея;сироп;125мл;Вифитех [Россия]
4605180006307;Мукалтин;таблетки;0,05 №10;Вифитех [Россия]
4605180006949;Реглисам;гранулы;25мг/доза 1,3г №30;Вифитех [Россия]
4605404001132;Аммиак;раствор;10% 40мл;Йодные технологии [Россия]
4605469001467;Лордестин;таблетки;5мг №10;Gedeon Richter+Фармоград [Россия]
4605469001474;Лордестин;таблетки;5мг №30;Gedeon Richter+Фармоград [Россия]
4605894001025;Эуфиллин;ампулы;2,4% 10мл №10;Армавирская биофабрика [Россия]
4605903003996;Солодки корень;сироп;100мл;Кемеровская Фармфабрика [Россия]
4605903007932;Аммиак;раствор;10% 40мл;Кемеровская Фармфабрика [Россия]
4605927001503;Алтея;сироп;;Бионвентика [Россия]
4605949001871;Дезлоратадин;таблетки;5мг №10;Биоком [Россия]
4605964003669;Анвимакс лимон;порошок для раствора;5г №3;Фармвилар [Россия]
4605964003706;Анвимакс лимон;порошок для раствора;5г №6;Фармвилар [Россия]
4605964003829;Анвимакс лимон;порошок для раствора;5г №3;Фармвилар [Россия]
4605964003836;Анвимакс мед-лимон;порошок для раствора;5г №3;Фармвилар [Россия]
4605964003843;Анвимакс малина;порошок для раствора;5г №3;Фармвилар [Россия]
4605964003850;Анвимакс черносмород;порошок для раствора;5г №3;Фармвилар [Россия]
4605964003867;Анвимакс лимон;порошок для раствора;5г №6;Фармвилар [Россия]
4605964003874;Анвимакс мед-лимон;порошок для раствора;5г №6;Фармвилар [Россия]
4605964003881;Анвимакс малина;порошок для раствора;5г №6;Фармвилар [Россия]
4605964003898;Анвимакс черносмород;порошок для раствора;5г №6;Фармвилар [Россия]
4605964003904;Анвимакс лимон;порошок для раствора;5г №12;Фармвилар [Россия]
4605964003928;Анвимакс малина;порошок для раствора;5г №12;Фармвилар [Россия]
4605964003942;Анвимакс лимон;порошок для раствора;5г №24;Фармвилар [Россия]
4605964003959;Анвимакс мед-лимон;порошок для раствора;5г №24;Фармвилар [Россия]
4605964003966;Анвимакс малина;порошок для раствора;5г №24;Фармвилар [Россия]
4605964003973;Анвимакс черносмород;порошок для раствора;5г №24;Фармвилар [Россия]
4605964004116;Анвимакс;капсулы;№20;Фармпроект [Россия]
4605964004123;Анвимакс;капсулы;№20;Фармвилар [Россия]
4605964004611;Анвимакс клюква;порошок для раствора;5г №3;Фармвилар [Россия]
4605964004628;Анвимакс клюква;порошок для раствора;5г №6;Фармвилар [Россия]
4605964004642;Анвимакс клюква;порошок для раствора;5г №24;Фармвилар [Россия]
4605964006394;Анвимакс малина;таблетки шипучие;№10;Фармвилар [Россия]
4605964007193;Анвимакс;капсулы;№20;Фармпроект [Россия]
4606367000330;Солодки корень;сироп;100мл;Флора Кавказа [Россия]
4606367001412;Пертуссин;сироп;100г;Флора Кавказа [Россия]
4606367001542;Алтея;сироп;;Флора Кавказа [Россия]
4606486002284;Амброксол;таблетки;30мг №20;Канонфарма [Россия]
4606486025283;Ацетилцистеин;гранулы для раствора;200мг №20;Канонфарма [Россия]
4606486025306;Ацетилцистеин;гранулы для раствора;600мг №10;Канонфарма [Россия]
4607003244699;Цетиризин;таблетки;10мг №10;Вертекс [Россия]
4607003244705;Цетиризин;таблетки;10мг №20;Вертекс [Россия]
4607003244712;Цетиризин;таблетки;10мг №30;Вертекс [Россия]
4607003248215;Монтелукаст;таблетки;10мг №30;Вертекс [Россия]
4607003248307;Монтелукаст;таблетки жевательные;5мг №28;Вертекс [Россия]
4607003248505;Нозефрин;спрей назальный;50мкг/доза 18г;Вертекс [Россия]
4607003249441;Фринозол;спрей назальный;15мл;Вертекс [Россия]
4607003249717;Лоратадин;таблетки;10мг №10;Вертекс [Россия]
4607003249724;Лоратадин;таблетки;10мг №30;Вертекс [Россия]
4607003665043;Диазолин;драже;0,05 №10;АВВА РУС [Россия]
4607005930231;Нафтизин;;0,1% 10мл;Славянская аптека [Россия]
4607005930248;Нафтизин;;0,1% 15мл;Славянская аптека [Россия]
4607005934062;Нафтизин;;0,1% 15мл;Славянская аптека [Россия]
4607005935120;Ксилометазолин;капли;0,1% 15мл;Славянская аптека [Россия]
4607005935168;Ксилометазолин;спрей;0,1% 15мл;Славянская аптека [Россия]
4607006670013;Линкас;сироп;90мл;Herbalage Pvt Ltd [Пакистан]
4607006670457;Линкас Лор;пастилки;мятные №16;Herbalage Pvt Ltd [Пакистан]
4607006670495;Линкас Лор;пастилки;апельсин №16;Herbalage Pvt Ltd [Пакистан]
4607006670549;Линкас Балм;мазь;25г;Herbalage Pvt Ltd [Пакистан]
4607006671423;Линкас;сироп;120мл;Herbalage Pvt Ltd [Пакистан]
4607006671430;Линкас;сироп;150мл;Herbalage Pvt Ltd [Пакистан]
4607006672284;Линкас БСС;сироп;120мл;Herbalage Pvt Ltd [Пакистан]
4607006673182;Линкас Лор;пастилки;мед-лимон №16;Herbalage Pvt Ltd [Пакистан]
4607006676954;Линкас ОРВИ;гранулы;5,6г №10;Herbion [Пакистан]
4607006677050;Линкас ОРВИ;гранулы;5,6г №10;Herbalage Pvt Ltd [Пакистан]
4607006677197;Линкас ОРВИ;гранулы;5,6г №5;Herbion [Пакистан]
4607007361507;Аммиак;раствор;10% 40мл;Гиппократ [Россия]
4607008131321;Авамис;спрей назальный;27,5мкг/доза 120 доз;GlaxoSmitkline [Индия,Германия,Великобрит.]
4607008131857;Вентолин;аэрозоль;200доз;Glaxo Wellcome [Великобритания]
4607008132151;Фликсотид;аэрозоль;125мкг/доза 60доз;Glaxo Wellcome [Великобритания]
4607008132182;Серетид;аэрозоль;25+125мкг/доза 120 доз;Glaxo Wellcome [Великобритания]
4607008132373;Релвар эллипта;порошок для ингаляций;22мкг+92мкг/доза;GlaxoSmitkline [Индия,Германия,Великобрит.]
4607008132564;Аноро эллипта;порошок для ингаляций;22мкг+55мкг/доза 30 доз;Glaxo Wellcome [Великобритания]
4607008133257;Вентолин;ампулы;2,5мг №20;Merckle [Германия]
4607009582023;Ренгалин;таблетки для рассасывания;№20;Материа-Медика [Россия]
4607009582108;Ренгалин;раствор;100мл;Материа-Медика [Россия]
4607011634628;Амброксол;таблетки;30мг №30;Алси фарма [Россия]
4607013581036;Антигриппин;таблетки шипучие;№10 /малина/;Natur Product [Франция,Германия]
4607013581074;Антигриппин Максимум;порошок;5г №3 /мед-лимон/;Natur Product [Франция,Германия]
4607027760540;Амброксол;таблетки;30мг №20;Озон [Россия]
4607027761905;Диазолин;драже;0,05 №10;Озон [Россия]
4607027761912;Диазолин;драже;0,1 №10;Озон [Россия]
4607027764128;Цетиризин;таблетки;10мг №10;Озон [Россия]
4607027765163;Лоратадин;таблетки;10мг №30;Озон [Россия]
4607027765187;Цетиризин;таблетки;10мг №20;Озон [Россия]
4607027768348;Амброксол;раствор;7,5мг/мл 40мл;Озон [Россия]
4607027768355;Амброксол;раствор;7,5мг/мл 100мл;Озон [Россия]
4607027768997;Бромгексин;сироп;4мг/5мл 60мл;Озон [Россия]
4607027769321;Ксилометазолин;спрей;0,1% 10мл;Озон [Россия]
4607045190046;Отривин;спрей;0,1% 10мл;Novartis [Швейцария,Индия,Франция]
4607045190053;Отривин;спрей назальный;0,05% 10мл;Novartis [Швейцария,Индия,Франция]
4607045190091;Синекод;сироп;100мл;Novartis [Швейцария,Индия,Франция]
4607045190213;Отривин(мент+эвкал);спрей;0,1% 10мл;Novartis [Швейцария,Индия,Франция]
4607045190220;Тавегил;таблетки;1мг №20;Famar [Италия]
4607045190787;ТераФлю Лар;спрей;30мл;Novartis [Швейцария,Индия,Франция]
4607045191616;Отривин бэби;капли;5мл №18;Novartis [Швейцария,Индия,Франция]
4607045191944;ТераФлю Лар Ментол;таблетки для рассасывания;1мг+2мг №20;Novartis [Швейцария,Индия,Франция]
4607045192019;Отривин Комплекс;спрей назальный;0,6мг/мл+0,5мг/мл 10мл;Novartis [Швейцария,Индия,Франция]
4607045192262;Синекод;сироп;200мл;Novartis [Швейцария,Индия,Франция]
4607045192279;Синекод;капли;20мл;Novartis [Швейцария,Индия,Франция]
4607045192316;ТераФлю Лар;таблетки для рассасывания;№16;Novartis [Швейцария,Индия,Франция]
4607045192323;Тавегил;таблетки;1мг №10;Famar [Италия]
4607045192385;Тавегил;ампулы;0,1% 2мл №5;Takeda Chemical Industries [Япония]
4607083724241;Ксилен;капли назальные;0,1% 10мл;ЛЭНС-Фарм [Россия]
4607119620066;Стелланин;мазь;3% 20г;Фармпрепараты [Россия]
4607119620158;Стелланин ПЭГ;мазь;3% 20г;Фармпрепараты [Россия]
4607141998119;Дезал;таблетки;5мг №10;Actavis hf [Исландия]
4607141998133;Дезал;таблетки;5мг №30;Actavis hf [Исландия]
4607141998898;Адрианол д/взр;капли;10мл;Zdravle [Югославия]
4607141998904;Адрианол д/дет;капли;10мл;Zdravle [Югославия]
4607141998928;Дезал;раствор;0,5 мг/мл 100мл;Balkanfarma-Dupnitsa [Болгария]
4607143560659;Лоратадин;таблетки;10мг №10;Hemofarm [Югославия]
4607146760919;Цетиризин;таблетки;10мг №20;Replekpharm Ltd [Россия]
4607146761275;Монтелукаст;таблетки;10мг №30;Replekpharm Ltd [Россия]
4607146761350;Монтелукаст;таблетки жевательные;5мг №30;Replekpharm Ltd [Россия]
4607178950388;Ингакамф ингалятор;;;Ингакамф Мантурово [Россия]
4610004580321;Сальбутамол;аэрозоль;0,1мг/доза 200 доз 12мл;Биннофарм [Россия]
4610004580949;Беклометазон;спрей назальный;100мкг/доза 200доз 23мл;Биннофарм [Россия]
4610004581366;Инспиракс;раствор;0,25мг/мл+0,5мг/мл 20мл;Биннофарм [Россия]
4610011893544;Чабреца трава;;1,5г №20;КИМА фирма [Россия]
4610011895142;Мать и мачеха;фильтр-пакет;№20;КИМА фирма [Россия]
4610011895425;Чабреца трава;;50г;КИМА фирма [Россия]
4620004740236;Нафтизин;;0,1% 15мл;Лекарь [Россия]
4620011583635;Ксилен нео;спрей назальный;0,1% 15мл;Верофарм [Россия]
4630009620013;Антигриппин Анви;капсулы;№20;Фармпроект [Россия]
4630056070151;Аммиак;раствор;10% 100мл;Краснодарская фармфабрика [Россия]
4640018640148;Лоратадин;сироп;100мл;Розлекс Фарм [Россия]
4640018640919;Бромгексин;сироп;4мг/5мл 100 мл;Розлекс Фарм [Россия]
4640018991288;Стрепсилс Интенсив;спрей;8,75мг/доза 15мл;Reckitt Benckiser [Франция]
4640026210449;Аммиак;раствор;10% 100мл;Рускерн [Россия]
4640026210463;Аммиак;раствор;10% 40мл;Рускерн [Россия]
4650069650461;Санорин;капли;0,1% 10мл;Teva Pharmaceutical [Израиль]
4650069650478;Санорин;капли;0,1% 10мл;Teva Pharmaceutical [Израиль]
4650069650485;Санорин;спрей;0,1% 10мл;Teva Pharmaceutical [Израиль]
4650069651291;Санорин д/детей;спрей;0,05% 10мл;Teva Pharmaceutical [Израиль]
4650099783597;Димедрол;ампулы;1% 1мл №10;Велфарм [Россия]
4660003080018;Гексорал табс;таблетки для рассасывания;№20;Soldan Holding [Германия]
4660003080049;Тизин эксперт;спрей;0,05% 10мл;Ursapharm Arzneimittelwerk [Германия]
4660003080056;Тизин эксперт;спрей;0,1% 10мл;Ursapharm Arzneimittelwerk [Германия]
4660041990027;Алтея;сироп;;Грин Сайд [Россия]
4670008162534;Кордиамин;ампулы;25% 1мл №10;Эллара МЦ [Россия]
4670010370965;Ингалипт;аэрозоль;45мл;Эско-Фарм [Россия,Армения]
4670010371252;Каметон;аэрозоль;45г;Эско-Фарм [Россия,Армения]
4670012610526;Симбикорт турбухалер;порошок для ингаляций;160мкг+4.5мкг/д 60 доз;AstraZeneca [Великобр,США,Герм,Япония]
4670012610533;Симбикорт турбухалер;порошок для ингаляций;160мкг+4.5мкг/д 120 доз;AstraZeneca [Великобр,США,Герм,Япония]
4670012610540;Симбикорт турбухалер;порошок для ингаляций;80мкг+4.5мкг/д 60 доз;AstraZeneca [Великобр,США,Герм,Япония]
4670012610557;Симбикорт турбухалер;порошок для ингаляций;80мкг+4.5мкг/д 120 доз;AstraZeneca [Великобр,США,Герм,Япония]
4670028223550;Ивилект;спрей назальный;0,1% 10мл;Гротекс [Россия]
4670028226438;Трамицент;спрей назальный;1,25% 15мл;Гротекс [Россия]
4680013244088;Оксифрин;капли назальные;0,01% 5мл;Гротекс [Россия]
4680013244187;Оксифрин;спрей назальный;22,5мкг/доза 15мл;Гротекс [Россия]
4680013244453;Эуфиллин;ампулы;2,4% 10мл №10;Гротекс [Россия]
4680013244682;Нафтизин плюс;;0,1% 15мл;Гротекс [Россия]
4680020181116;Бромгексин;таблетки;4мг №50;Озон [Россия]
4680039380036;Протаргол-ЛОР;таблетки;200мг №1;Фармвилар [Россия]
4750258110414;Гистафен;таблетки;50мг №20;Olainfarm [Латвия]
4750258314171;Фенкарол;таблетки;25мг №20;Olainfarm [Латвия]
4750258314188;Фенкарол;таблетки;10мг №20;Olainfarm [Латвия]
4810133000954;Димедрол;ампулы;1% 1мл №10;Белмедпрепараты [Беларусь]
4810201002590;Бромгексин;таблетки;8мг №50;Борисовский ХФЗ [Беларусь]
4810201010618;Лоратадин;таблетки;10мг №30;Борисовский ХФЗ [Беларусь]
4810201014210;Амброксол;таблетки;30мг №20;Борисовский ХФЗ [Беларусь]
4820014860065;Ингалипт;аэрозоль;30мл;Микрофарм [Украина]
4820022930019;Нокспрей;спрей назальный;0,5мг/мл 20мл;Сперко [Украина]
4823002217407;Эвказолин аква;спрей назальный;0,1% 10мл;Фармак [Украина]
4823002222012;Элизей;таблетки;5 мг №10;Фармак [Украина]
5000158100169;Стрепсилс;таблетки;мент+эвкал №24;Boots Healthcare [Великобритания]
5000158100183;Стрепсилс;таблетки;мед+лимон №24;Boots Healthcare [Великобритания]
5000158100206;Стрепсилс экспресс;спрей;20мл;Famar [Италия]
5000158100985;Стрепсилс;таблетки;мед+лимон №36;Boots Healthcare [Великобритания]
5000158101784;Стрепсилс Интенсив;таблетки;мед-лимон 8,75мг №24;Boots Healthcare [Великобритания]
5000158101791;Стрепсилс;таблетки;лимон №24;Boots Healthcare [Великобритания]
5000158101814;Стрепсилс;таблетки;мент+эвкал №36;Boots Healthcare [Великобритания]
5000158103733;Стрепсилс;таблетки;с вит С (апельсин) №24;Boots Healthcare [Великобритания]
5000158103740;Стрепсилс;таблетки;лимон №16;Boots Healthcare [Великобритания]
5000158103993;Стрепсилс;таблетки;№24;Boots Healthcare [Великобритания]
5000158104501;Стрепсилс;таблетки;клубника №16;Boots Healthcare [Великобритания]
5000158106994;Стрепсилс Интенсив;таблетки;апельсин №24;Boots Healthcare [Великобритания]
5000456014830;Даксас;таблетки;0,5мг №30;Takeda Chemical Industries [Япония]
5011321748767;Викс Актив Синекс;спрей назальный;0,05% 15мл;Merckle [Германия]
5011321748958;Викс Актив бальзам с мент и эвкал;мазь;50г;Merckle [Германия]
5050963015622;Беклазон;аэрозоль;100мкг/доза 200доз;Norton Healthcare [Великобритания]
5050963015639;Беклазон;аэрозоль;250мкг/доза 200доз;Norton Healthcare [Великобритания]
5050963017619;Саламол;аэрозоль;100мкг/доза 200доз;Norton Healthcare [Великобритания]
5350586000211;Афлубин;капли;20мл;Bittner Richard [Австрия]
5350586000228;Афлубин;капли;50мл;Bittner Richard [Австрия]
5350586000488;Афлубин;таблетки гомеопатические;№12;Bittner Richard [Австрия]
5350586000495;Афлубин;таблетки гомеопатические;№24;Bittner Richard [Австрия]
5450557010277;Кестин;таблетки;10мг №5;Almiral Prodespharm []
5450557010284;Кестин;таблетки;10мг №10;Almiral Prodespharm []
5450557010291;Кестин;таблетки;20мг №10;Almiral Prodespharm []
5702589913072;Ксимелин;капли;0,1% 10мл;Nycomed [Австрия]
5702589914062;Ксимелин;капли;0,05% 10мл;Nycomed [Австрия]
5900004073176;Стоптуссин;таблетки;№20;Galena [Чехия]
5900257022310;Цетиризин;таблетки;10мг №20;Polfarma [Польша]
5900257035013;Галазолин;капли;0,05% 10мл;Warsaw Pharm.Works []
5900257035020;Галазолин;капли;0,1% 10мл;Warsaw Pharm.Works []
5903060016361;Сиресп;сироп;2мг/мл 150мл;Medana Pharma Terpol [Польша]
5907529464205;Бромгексин;сироп;4мг/5мл 100 мл;Акрихин [Россия]
5907529464274;Лоратадин;сироп;100мл;Акрихин [Россия]
5944702000010;Фарингосепт;таблетки;10мг №20;Terapia [Индия,Болгария,Румыния]
5944702001161;Фарингосепт лимон;таблетки;10мг №20;Terapia [Индия,Болгария,Румыния]
5944702001871;Фарингосепт лимон;таблетки;10мг №10;Terapia [Индия,Болгария,Румыния]
5944702205231;Фарингосепт корица;таблетки;10мг №20;Terapia [Индия,Болгария,Румыния]
5944702205279;Фарингосепт мята;таблетки;10мг №20;Terapia [Индия,Болгария,Румыния]
5944702206733;Фарингосепт лимон;таблетки;10мг №20;Terapia [Индия,Болгария,Румыния]
5944702206771;Фарингосепт мята;таблетки;10мг №20;Terapia [Индия,Болгария,Румыния]
5944702206818;Фарингосепт корица;таблетки;10мг №20;Terapia [Индия,Болгария,Румыния]
5944702206856;Фарингосепт мед-лимон;таблетки;10мг №20;Terapia [Индия,Болгария,Румыния]
5944702206917;Фарингосепт;таблетки;10мг №10;Terapia [Индия,Болгария,Румыния]
5944702206931;Фарингосепт;таблетки;10мг №20;Terapia [Индия,Болгария,Румыния]
5995327114590;Парлазин;капли;10мг/мл 20мл;Egis [Венгрия]
5995327130064;Супрастинекс;таблетки;5мг №7;Egis [Венгрия]
5995327130071;Супрастинекс;таблетки;5мг №14;Egis [Венгрия]
5995327130118;Супрастинекс;капли;5мг/мл 20мл;Egis [Венгрия]
5995327169156;Синуфорте;порошок;50мг;Egis [Венгрия]
5995327170060;Супрастин;таблетки;25мг №40;Egis [Венгрия]
5995327211039;Халиксол;таблетки;30мг №20;Egis [Венгрия]
5995327211084;Халиксол;сироп;30мг/10мл 100мл;Egis [Венгрия]
5995327253237;Пипольфен;ампулы;50мг/2мл №10;Egis [Венгрия]
5995327275024;Супрастин;ампулы;2% 1мл №5;Egis [Венгрия]
5995327275147;Супрастин;таблетки;25мг №20;Egis [Венгрия]
5995377360244;Лоратадин;таблетки;10мг №30;Teva Pharmaceutical [Израиль]
5995377480331;Лоратадин;таблетки;10мг №7;Teva Pharmaceutical [Израиль]
5995377601484;Лоратадин;таблетки;10мг №10;Teva Pharmaceutical [Израиль]
5997001303269;Синглон;таблетки жевательные;4мг №28;Gedeon Richter [Венгрия]
5997001303290;Синглон;таблетки жевательные;5мг №28;Gedeon Richter [Венгрия]
5997086103181;Либексин;таблетки;0,1г №20;Chinoin [Венгрия]
6221088010253;Ларипронт;таблетки;№20;Октобер Фарма [Египет]
7038319033498;Ксимелин Эко;спрей назальный;35мкг/доза 10мл;Nycomed [Австрия]
7038319033504;Ксимелин Эко;спрей назальный;140мкг/доза 10мл;Nycomed [Австрия]
7038319033511;Ксимелин Эко с ментолом;спрей назальный;140мкг/доза 10мл;Nycomed [Австрия]
7038319033528;Ксимелин Экстра;спрей назальный;84мкг+70мкг/доза 10мл;Nycomed [Австрия]
7290102066599;Цетиризин;таблетки;10мг №30;Teva Pharmaceutical [Израиль]
7321838730871;Пульмикорт;суспензия д/ингаляций;0,25мг/мл 2мл №20;AstraZeneca [Великобр,США,Герм,Япония]
7321838730888;Пульмикорт;суспензия д/ингаляций;0,5мг/мл 2мл №20;AstraZeneca [Великобр,США,Герм,Япония]
7640149723007;Исмиген;таблетки подъязычные;7мг №30;Нижфарм [Россия]
7640149723014;Исмиген;таблетки подъязычные;7мг №10;Нижфарм [Россия]
7680275289008;Фенистил;капли;0.1% 20мл;Novartis [Швейцария,Индия,Франция]
7680500099006;Виброцил;капли назальные;15мл;Novartis [Швейцария,Индия,Франция]
8001090922731;Викс Актив Синекс;спрей назальный;0,05% 15мл;Teva Pharmaceutical [Израиль]
8024825000115;Флуифорт;гранулы;№10;Dompe Farmaceutici [Италия]
8024825000122;Флуифорт;сироп;90мг/мл 120мл;Dompe Farmaceutici [Италия]
8594737184314;Насобек;аэрозоль;50мкг/доза 200доз 30мл;Teva Pharmaceutical [Израиль]
8594737204616;Йокс;раствор;50мл;Teva Pharmaceutical [Израиль]
8594737219610;Стоптуссин;капли;10мл;Teva Pharmaceutical [Израиль]
8594737223914;Стоптуссин фито;сироп;100мл;Galena [Чехия]
8594737231018;Стопангин;спрей;30мл;Teva Pharmaceutical [Израиль]
8594737235016;Йокс;спрей;30мл;Teva Pharmaceutical [Израиль]
8594737237911;Дезринит;спрей назальный;50мкг/доза 18г 140 доз;Teva Pharmaceutical [Израиль]
8594737248719;Амбробене стоптуссин;капли;4мг+100мл/мл 10мл;Teva Pharmaceutical [Израиль]
8594737248917;Амбробене стоптуссин;капли;4мг+100мл/мл 25мл;Teva Pharmaceutical [Израиль]
8594737249112;Амбробене стоптуссин;капли;4мг+100мл/мл 50мл;Teva Pharmaceutical [Израиль]
8594739224605;Зодак;таблетки;10мг №10;Zentiva [Чехия]
8594739224612;Зодак;таблетки;10мг №30;Zentiva [Чехия]
8594739224629;Зодак Экспресс;таблетки;5мг №28;Zentiva [Чехия]
8594739224636;Зодак Экспресс;таблетки;5мг №7;Zentiva [Чехия]
8600064422019;Адрианол д/дет;капли;10мл;Zdravle [Югославия]
8600097000994;Омнитус;таблетки с модиф высвоб;50мг №10;Hemofarm [Югославия]
8600097001007;Омнитус;сироп;0,8мг/мл 200мл;Hemofarm [Югославия]
8600097001021;Омнитус;таблетки с модиф высвоб;20мг №10;Hemofarm [Югославия]
8600097303415;Амброксол;сироп;100мл;Hemofarm [Югославия]
8699516089825;Монтелар;таблетки жевательные;4мг №14;Sandoz [Индия]
8699516089832;Монтелар;таблетки жевательные;4мг №28;Sandoz [Индия]
8699516089856;Монтелар;таблетки жевательные;5мг №28;Sandoz [Индия]
8699516099862;Монтелар;таблетки жевательные;10мг №14;Sandoz [Индия]
8699516099879;Монтелар;таблетки жевательные;10мг №28;Sandoz [Индия]
8717627103206;Антигриппин дет;таблетки шипучие;№30;Natur Product [Франция,Германия]
8717627103213;Антигриппин дет;таблетки шипучие;№10;Natur Product [Франция,Германия]
8717627103237;Антигриппин;таблетки шипучие;№10;Natur Product [Франция,Германия]
8717627104135;Антигриппин;таблетки шипучие;№10 /малина/;Natur Product [Франция,Германия]
8717627104159;Антигриппин;таблетки шипучие;№10 /грейпфрут/;Natur Product [Франция,Германия]
8717627107006;Антигриппин;порошок;5г №10/ромашка/;Natur Product [Франция,Германия]
8717627107013;Антигриппин;порошок;5г №10/мед-лимон/;Natur Product [Франция,Германия]
8717627110525;Антигриппин;порошок;5г №3/мед-лимон/;Natur Product [Франция,Германия]
8901043000335;Аджисепт;пастилки;апельсин №24;Agio [Индия]
8901043000427;Аджисепт;пастилки;лимон №24;Agio [Индия]
8901043000458;Аджисепт;пастилки;классич. №24;Agio [Индия]
8901043000465;Аджисепт;пастилки;мед+лимон №24;Agio [Индия]
8901043000472;Аджисепт;пастилки;ментол+эвкал №24;Agio [Индия]
8901043000892;Аджисепт;пастилки;ананас №24;Agio [Индия]
8901043001509;Аджисепт;пастилки;лимон №12;Agio [Индия]
8901086040022;Доктор Мом;мазь;20г;Unique [Индия]
8901086040190;Доктор Мом;пастилки;№20 ананас;Unique [Индия]
8901086041081;Доктор Мом;пастилки;№20 ягодные;Unique [Индия]
8901086041517;Доктор Мом;сироп;100мл;Unique [Индия]
8901086080189;Гексорал табс;таблетки для рассасывания;№16;Unique [Индия]
8901086080196;Гексорал табс;таблетки для рассасывания;№16;Unique [Индия]
8901086080202;Гексорал табс;таблетки для рассасывания;№16;Unique [Индия]
8901086080219;Гексорал табс;таблетки для рассасывания;№16;Unique [Индия]
8901086100030;Джосет;сироп;100мл;Unique [Индия]
8901086100108;Джосет актив;таблетки;30мг+100мг+2мг №20;Unique [Индия]
8901086100115;Джосет;сироп;200мл;Unique [Индия]
8901086261120;Гексорал табс;таблетки для рассасывания;№16;Unique [Индия]
8901109217493;Длянос;спрей;0,1% 10мл;Sandoz [Индия]
8901109217592;Длянос;капли;0,05% 10мл;Sandoz [Индия]
8901148007017;Цетрин;таблетки;10мг №20;Dr.Reddy [Индия]
8901148228726;Цетрин;таблетки;10мг №30;Dr.Reddy [Индия]
8901148239487;Аллервэй;таблетки;5мг №10;Dr.Reddy [Индия]
8901148239494;Аллервэй;таблетки;5мг №30;Dr.Reddy [Индия]
8901278003026;Горпилс лимон;пастилки;№12;Gepach [Индия]
8901278003033;Горпилс мед-лимон;пастилки;№12;Gepach [Индия]
8901278003040;Горпилс ментол-эвкал.;пастилки;№12;Gepach [Индия]
8901278004016;Горпилс апельсин;пастилки;№24;Gepach [Индия]
8901278004023;Горпилс лимон;пастилки;№24;Gepach [Индия]
8901278004030;Горпилс мед-лимон;пастилки;№24;Gepach [Индия]
8901278004047;Горпилс ментол-эвкал.;пастилки;№24;Gepach [Индия]
8901278005020;Горпилс лимон;пастилки;№24;Gepach [Индия]
8901278005044;Горпилс малина;пастилки;№24;Gepach [Индия]
8901302057490;Фексофаст;таблетки;180мг №10;La Care Pharma [Индия]
8901302062111;Фексофаст;таблетки;120мг №10;Micro Labs [Индия]
8901387007861;Трависил;таблетки;лимон №16;Plethico Pharmaceuticals [Индия]
8901387007885;Трависил;таблетки;мята №16;Plethico Pharmaceuticals [Индия]
8901387007892;Трависил;таблетки;мед №16;Plethico Pharmaceuticals [Индия]
8901387007977;Трависил;сироп;100мл;Plethico Pharmaceuticals [Индия]
8901387030210;Трависил;раствор;100мл;Plethico Pharmaceuticals [Индия]
8901387043333;Трависил;таблетки;черн смород №16;Plethico Pharmaceuticals [Индия]
8904091106400;Аскорил;таблетки;№10;Glenmark [Индия]
8904091106417;Аскорил;таблетки;№20;Glenmark [Индия]
8904091106431;Аскорил;таблетки;№50;Glenmark [Индия]
8904091107360;Момат Рино;спрей назальный;50мкг/доза 120доз;Glenmark [Индия]
8904091107377;Момат Рино;спрей назальный;50мкг/доза 60доз;Glenmark [Индия]
8904091116621;Аскорил экспекторант;сироп;100мл;Glenmark [Индия]
8904091116638;Аскорил экспекторант;сироп;200мл;Glenmark [Индия]
8904091127092;Момат Рино Адванс;спрей назальный;140мкг+50мкг/доза 75доз;Glenmark [Индия]
8904091127177;Момат Рино Адванс;спрей назальный;140мкг+50мкг/доза 150доз;Glenmark [Индия]
8906000570661;Суприма-Лор;таблетки;№16;Shreya Life Sciences [Индия]
8906000570685;Суприма-Лор;таблетки;№16;Shreya Life Sciences [Индия]
8906000570883;Суприма-Лор;таблетки;№16;Shreya Life Sciences [Индия]
8906000570906;Суприма-Лор;таблетки;№16;Shreya Life Sciences [Индия]
8906000571194;Суприма-Лор;таблетки;№16;Shreya Life Sciences [Индия]
8906000571217;Суприма-Лор;таблетки;№16;Shreya Life Sciences [Индия]
8906000573549;Суприма-Бронхо;сироп;100мл;Shreya Life Sciences [Индия]
8906000574072;Суприма-плюс;мазь;20г;Shreya Life Sciences [Индия]
8906014100878;Кашнол;сироп;100мл;Sedate HealthCare [Индия]
8934901810265;Звездочка НОЗ;капли назальные;0,05% 10мл;Данангская ЦФК Данафа [Вьетнам]
8934901810272;Звездочка НОЗ;капли назальные;0,1% 10мл;Данангская ЦФК Данафа [Вьетнам]
8934901810289;Звездочка НОЗ;спрей назальный;0,1% 15мл;Данангская ЦФК Данафа [Вьетнам]
9005441702149;Афлубин-Назе;спрей наз гомеоп;20мл;Bittner Richard [Австрия]
9005441702415;Афлубин;таблетки гомеопатические;№24;Bittner Richard [Австрия]
9006968003115;Атровент Н;аэрозоль;10мл 200доз;Boehringer Ingelheim [Италия,Германия]
9006968003139;Спирива;капсулы для ингаляций;18мкг №30;Boehringer Ingelheim [Италия,Германия]
9006968003160;Беротек Н;аэрозоль;0,1мг/доза 200доз;Boehringer Ingelheim [Италия,Германия]
9006968003214;Беродуал-Н;аэрозоль;10мл 200доз;Boehringer Ingelheim [Италия,Германия]
9006968003993;Атровент;раствор д/ингаляций;0,025% 20мл;Boehringer Ingelheim [Италия,Германия]
9006968004006;Беродуал;раствор д/ингаляций;20мл;Boehringer Ingelheim [Италия,Германия]
9006968004013;Беротек;раствор д/ингаляций;20мл;Boehringer Ingelheim [Италия,Германия]
90266010;Афлубин;капли;20мл;Bittner Richard [Австрия]
